Chroniques,1
Sciences,8
Sante,2
Logement Social,1
Presidentielle 2017,4
Photo,2
Reforme du code du travai,1
Infos Paris 14e arrondiss,1
Le Good Morning,3
Planete,258
La presidentielle america,1
Tsunami,1
Elections europeennes 201,2
Culture,13
Le conflit en Ukraine,1
Publicite,1
typhon,1772
Presidentielle US 2012,6
Le 11 Septembre,1
L enquete de l Obs,1
Politique,14
Tech,2
Edito,1
ouragan,2631
 NULL,2
Le sommet de Copenhague,2
Le Quotidien de 1968,1
NULL,1
Bien Bien,1
Malaysia Airlines,1
Le tweet presidentielle a,1
Monde,1043
Assurances,6
tremblement de terre,15
Le reveil politique,2
Nos vies intimes,1
Logement,6
Si vous avez manque le de,10
En moins de 3 minutes,2
Les internets,22
Nos vies connectees,5
Fiscalite,1
Le Top 5,1
Seisme en Haiti,19
Marche Immobilier,3
Attentats terroristes a P,2
Faits divers,8
L Amerique selon Trump,16
Histoire,1
L Obs du soir,2
Vie urbaine,1
La revolte syrienne,1
seisme,1091
Municipales 2014,1
COP21,7
Societe,173
Social,5
Coupe du monde,1
inondation,109
Justice,6
Attentat a Boston,1
Elections americaines,6
Ne le dis a personne,1
Sports,13
Brexit,2
Achat/Vente,2
Medias,2
cyclone,3216
L histoire du soir,8
innondation,957
Retrospective 2007,2
Elections 2007,1
Economie,25
Infos Aix-en-Provence,1
Attaque de Nice,1
