mourir,4611
etat,3648
nord,3600
eau,3593
jour,3527
an,3400
heure,3331
ville,3213
deja,3129
zone,3112
cyclone,3093
habitant,2948
jusqu,2894
inondation,2815
km,2802
maison,2632
centrer,2590
courir,2579
region,2578
victime,2444
passage,2401
placer,2381
local,2352
lundi,2280
pluie,2210
voir,2200
mardi,2193
matin,2192
vendredi,2139
causer,2094
fin,2077
service,2056
gouvernement,2053
mercredi,2036
dimanche,2033
monder,2011
ministre,2008
bilan,1997
soir,1993
foi,1980
precise,1956
raison,1897
mois,1894
temps,1890
samedi,1890
urgence,1844
situation,1834
niveau,1826
alerter,1813
hui,1811
typhon,1793
centaine,1776
annee,1737
router,1719
homme,1666
seisme,1652
face,1649
vie,1637
dizaine,1586
debut,1572
kilometres,1544
mesurer,1530
population,1515
dollar,1470
nombre,1460
disparu,1419
forcer,1419
journaliste,1388
euro,1388
plaire,1381
presser,1372
million,1319
famille,1307
perdre,1296
septembre,1294
parole,1285
metres,1284
cas,1266
directeur,1261
total,1251
garder,1208
oeil,1183
province,1179
femme,1166
puissant,1165
retrouver,1151
midi,1150
site,1138
novembre,1131
enfant,1122
tremblement,1090
regions,1089
magnitude,1087
categorie,1081
poindre,1075
monter,1061
crise,1059
derniere,1055
fondre,1017
octobre,1008
village,1007
centre,1005
suite,999
besoin,998
histoire,995
marcher,995
maire,987
quartier,981
habitation,981
affairer,975
gmt,975
ordre,971
former,966
interieur,966
operations,962
vaguer,959
information,959
craindre,950
precipitations,938
question,936
television,934
endroit,928
suivre,926
charger,916
saison,905
evacuation,904
gestion,896
vol,884
condition,882
chose,874
ligne,855
organisation,847
rechercher,841
membre,841
montee,841
corps,827
travail,826
policer,822
compagnie,802
appel,798
ecoles,795
rapport,777
etats,772
juin,769
constater,762
secteur,757
chaine,757
boire,752
toit,748
bord,747
direction,737
plan,736
tot,731
traverser,731
protection,728
rapporter,726
dire,725
vitesse,725
mars,719
nation,716
expert,716
milieu,716
gouverneur,712
sol,712
nom,699
image,698
janvier,698
consequences,693
main,689
pied,681
prix,677
decembre,675
coeur,670
evacuees,667
retour,665
conseil,663
foyer,660
mai,660
week,659
reseau,649
impact,646
conference,645
peiner,644
juillet,643
grace,641
croire,638
phenomene,634
demi,631
activite,628
prevu,623
douter,622
visiter,621
action,617
perte,612
ampleur,611
intemperies,609
intensite,604
endommager,602
noter,600
tete,597
hausser,589
equipe,587
appele,585
secretaire,581
projet,578
attendu,577
oeuvrer,576
siecle,575
fil,574
soldat,574
reunion,571
avril,570
hauteur,568
classer,568
production,564
exemple,560
orange,558
puissance,558
construction,557
vingtaine,555
moitir,551
defense,545
facon,542
avion,537
particulier,528
reconstruction,524
profondeur,519
instant,517
immeuble,516
titrer,515
changer,513
record,512
avertir,511
matinee,509
administration,507
vigilance,506
developpement,504
peur,503
faible,502
violence,501
mur,498
eleve,497
effet,495
internet,492
energie,492
photo,490
soutien,490
dater,489
entraine,482
travers,482
republique,480
fevrier,478
majorite,476
sujet,475
origine,473
climat,469
destruction,469
association,463
radio,462
pression,461
pic,458
vu,449
debris,448
typer,448
decision,448
portees,445
ami,444
accident,443
usgs,440
tonner,440
rechauffement,438
accord,434
ecrit,434
circulation,434
fille,426
occasion,425
evenements,421
proximite,418
policier,414
environnement,414
intervention,412
bulletin,412
montagne,411
objet,411
plein,411
serie,409
dela,401
chemin,400
surveillance,400
digue,398
avancer,398
lendemain,398
immense,398
pousser,396
extreme,395
entree,394
trafic,394
depression,393
coupure,393
controle,391
argent,390
imager,388
estimation,388
peupler,383
guadeloupe,382
milliard,376
demeurer,375
assurance,373
carte,370
solidarite,369
choc,367
entreprise,366
viser,364
cuba,363
commune,361
espoir,361
inviter,357
voter,356
chance,356
precaution,356
operation,355
sac,355
vice,353
commission,351
dossier,349
priorite,347
mission,346
video,345
auteur,345
surface,343
district,342
revanche,340
manille,339
client,338
sein,338
fukushima,337
blessees,337
camion,336
metre,335
discourir,333
reponse,333
film,332
occuper,331
avenir,329
tiers,329
francaises,327
propos,326
presence,326
patron,326
cree,326
flot,325
multiplier,325
attenter,324
chaud,323
distribution,323
prevue,323
taux,320
coordination,320
maximum,320
tailler,317
mariner,316
pillage,315
champ,314
prevision,314
emploi,312
installation,311
douze,311
croissance,310
fonction,310
acteur,308
liste,307
magasin,306
mm,305
phenomenes,305
quart,304
mme,303
election,303
realite,302
solution,302
industrie,302
espere,302
assistance,301
helicoptere,301
capacite,300
centimetres,300
augmentation,298
point,297
neanmoins,297
medicaments,294
affaires,294
absence,294
financiere,294
destination,293
repriser,292
fermeture,291
elections,289
opposition,289
imaginer,289
cinquantaine,288
norme,287
transformer,287
soleil,286
futur,284
parcourir,281
genre,281
tendance,281
justice,280
orage,279
gauche,278
relation,277
prefet,276
regime,276
cm,275
bras,275
evolution,275
destructeur,274
rescaper,272
structurer,272
londres,271
prevention,270
localites,270
post,270
inquiete,269
aeroports,268
liaison,268
avis,266
contact,264
continent,264
cadavre,263
reference,263
garantir,262
bourse,262
fixer,260
mousson,259
equipements,259
vigueur,259
position,257
formation,255
exposer,255
birman,253
drame,253
reformer,252
automobile,252
evacuations,252
cabinet,252
etudes,252
paysage,251
agriculture,250
residents,250
faveur,250
mobilisation,250
valeur,249
professeur,249
art,246
exterieur,246
sommet,245
coute,244
envoi,244
dispositif,244
animal,243
etude,243
chercheur,242
rang,242
tension,242
peche,241
frappee,241
geant,240
lien,239
budget,238
mairie,238
rythmer,237
chambrer,236
reduction,236
importance,236
contrat,235
regard,235
oui,234
devastee,234
organisme,233
potentiel,233
courser,232
passager,232
confiance,232
susciter,232
denonce,231
entretien,230
recouvrir,230
tacloban,228
bander,228
depasse,226
essence,226
parent,226
representant,226
generalement,226
elus,225
tourisme,224
dirigeant,224
sauveteur,223
situees,223
fauter,220
chaleur,219
retraiter,219
times,218
cellule,218
citoyen,218
page,217
hectare,217
disposition,216
realise,216
cacher,215
scenario,215
destiner,215
soin,215
brancher,212
enregistrees,211
localite,210
rappele,210
foret,209
paix,209
mari,209
personnage,209
elevee,209
pister,208
reconnaissance,208
grimper,208
creation,207
habitude,207
silence,207
marie,206
experience,204
visage,204
reacteurs,203
investissement,203
sommer,202
federation,201
adjoindre,201
possibilite,201
etablissements,201
identifier,199
salarier,198
acte,198
tragedie,198
deplaces,197
sentiment,196
progression,196
vetements,196
nhk,195
qualite,194
alimentation,193
preparation,192
lumiere,191
presidence,191
empeche,191
lettre,190
declaration,190
difference,190
totalite,190
transporter,189
agglomeration,189
exploitation,188
printemps,187
resume,187
nommer,186
decrit,186
vecu,186
reaction,185
alentour,185
edf,184
etage,184
producteur,183
poids,183
facteur,183
nettoyage,182
prefere,181
moteur,180
phase,180
jeter,180
trombe,180
desolation,180
condamner,179
mandat,179
exception,179
raser,179
contexte,178
urbain,177
fonctionnaire,177
bassin,177
usage,177
institution,176
club,175
altitude,175
conflit,175
remiser,175
consommation,175
principe,175
distancer,174
convention,174
promesse,174
couleur,174
exercice,173
vacance,173
submerger,173
machiner,172
fer,171
patrimoine,170
initiative,170
temoignages,169
volcan,168
richter,168
fuite,168
conscience,168
chomage,167
education,167
regretter,167
science,166
intention,166
epreuve,165
impression,165
frere,165
provenance,164
jardin,164
indemnisation,164
emissions,163
champion,163
electeurs,163
plaindre,163
football,162
cour,162
scrutin,162
financieres,162
facturer,161
reve,161
fouet,161
prevus,161
croître,160
echappe,160
defi,160
litre,159
batailler,159
edition,158
operateur,158
obligatoire,158
cooperation,157
gendarme,157
prison,157
document,157
autoroute,156
agriculteur,156
secret,156
precedente,156
annulation,156
joindre,156
observateur,155
colline,155
constructeur,155
traitement,155
papier,155
proposition,155
banlieue,155
soixantaine,155
quantites,155
verifier,155
concert,154
dresser,154
regrouper,154
circonstance,153
apparition,153
democratie,152
seuil,152
scandale,152
discussion,152
ceinturer,152
disparition,152
remarquer,152
evaluation,150
technologie,150
municipalite,150
influencer,150
nouvellezelande,149
thailande,149
rumeur,148
anniversaire,148
magazine,148
soeur,148
entamer,147
liberation,147
opinion,147
avertissement,147
epidemie,146
photographe,146
statut,146
investisseur,146
marge,146
alpes,145
test,145
strategie,145
centrale,145
fr,144
televisions,144
pyrenees,143
satellite,141
unite,141
hommage,141
pauvrete,141
visiteur,141
recourir,141
fondation,140
naufrager,140
averse,140
affectee,140
envier,140
patient,139
frai,139
onde,138
moon,138
equipage,138
negociations,138
outil,138
suspension,138
croiser,138
declarations,138
odeur,137
capitaine,137
pieces,137
senateur,137
venter,136
paradis,136
interets,136
travailleur,135
publication,135
volume,135
immediate,135
pib,134
faim,134
aborder,134
piece,133
profit,133
envelopper,133
revolution,132
generation,132
raffinerie,132
precautions,132
survie,132
prudent,132
boucher,132
palais,131
dos,131
modeste,131
caractere,131
office,131
minimum,131
bomber,130
decisions,130
camer,130
appartement,130
placee,130
examen,129
ambiance,129
rangoun,128
naissance,128
alarmer,128
procedure,128
interieurs,128
moral,128
boucler,128
fur,128
mineur,127
echange,127
poisson,126
obligation,126
emotion,126
nouvelobs,126
enfance,126
noel,125
indice,125
seance,125
https,125
gravats,125
georgie,125
incertitude,125
reallernche,125
douzaine,125
frappees,124
rire,124
courage,124
constitution,123
ecran,123
residence,123
existence,122
deplacements,121
fleur,121
revu,121
petrolier,120
glacer,120
submergees,120
lenteur,120
delegue,120
utilisation,120
rivage,120
etudiants,119
crainte,119
connaissance,119
sanction,118
olivier,118
deuil,118
match,118
ambassadeur,118
luxer,118
conclusion,118
contraint,118
conservateur,117
predit,117
esperons,117
trimestre,116
nepal,116
fermee,116
violet,116
vivant,116
doux,116
cede,116
pdg,115
energies,115
troupe,115
etape,115
sapeur,114
penurie,114
homologuer,114
sillage,114
verite,114
detaille,114
fonctionnement,113
tribunal,113
operateurs,113
fissurer,113
proces,113
fragiliser,113
equilibre,113
protege,113
livraison,112
attitude,112
performance,112
ilan,112
baril,111
pollution,111
sang,111
aviation,110
generations,110
arabie,110
gendarmerie,110
organisateur,110
freres,110
achat,109
haitiens,109
garcon,109
plafond,109
pitre,109
plateau,109
proportion,109
commentaire,109
plantation,109
submersion,108
destin,108
honneur,108
temporairement,107
meteorologue,107
possede,107
dimension,107
exportation,106
franc,106
argument,106
ceremonie,106
masquer,106
achete,106
reacteur,105
exposition,105
francisco,105
expression,105
automobiliste,105
benevoles,105
passion,104
esperent,104
africain,104
monetaire,104
detail,104
aussitot,104
enfer,104
larme,104
essai,103
adolescent,103
accusation,103
boiter,103
tableau,103
aval,103
amelioration,103
tele,103
feuiller,102
adulte,102
supprimer,102
traumatisme,102
surpris,102
ecoute,102
emission,101
angeles,101
instruction,101
balayees,101
toile,100
individu,100
provision,100
precedents,100
volet,100
repas,100
interdiction,99
cafe,99
opposant,99
habitat,99
convoi,99
releves,99
embarcation,99
ver,99
styler,98
plaisir,98
realises,98
hasard,97
messe,97
commissaire,97
hygiene,97
identite,97
repetition,97
bloc,97
plateforme,96
festival,96
alliance,96
frequence,96
meurtriere,96
division,96
deluge,96
reflexion,96
effrayer,96
eur,95
application,95
joueur,95
tradition,95
reculees,95
legere,95
reunions,95
medicaux,95
nouvellecaledonie,94
observatoire,94
equateur,93
republicaine,93
constat,93
aspect,93
felicite,93
loger,93
decru,92
balle,92
anticipation,92
animer,92
lecons,92
coordinateur,92
reputation,92
anglais,92
cri,92
duquel,92
moscou,91
ennemi,91
degradation,91
debats,91
christie,90
spectateur,90
caisse,90
contribution,90
report,90
militant,90
consommateur,90
balayee,90
souffrance,90
conduit,90
dialoguer,90
melange,90
suu,89
one,89
materiaux,89
meubler,89
causees,89
cargo,89
berge,88
poursuite,88
anonymat,88
colonel,88
conducteur,88
photographier,87
vulnerabilite,87
ambulance,87
fenetre,87
imminent,87
allure,87
peripherie,87
collection,86
valerie,86
tripler,86
elan,86
evolue,86
evidence,86
autorisation,86
diffusion,86
faiblesse,86
equipement,86
succession,85
adaptation,85
cotiers,85
latin,85
nez,85
comparaison,85
depeches,85
ecologie,84
specialisee,84
procureur,84
millimetres,84
delais,84
deforestation,84
humidite,84
progressif,84
option,84
telecommunications,84
coder,84
compagnon,84
temoin,84
collaboration,83
liquider,83
tv,83
peril,83
rassemblement,82
cycle,82
pompage,82
filial,82
contamination,82
petroliers,82
monsieur,82
vegetation,82
appuyer,82
audience,81
participation,81
prisonnier,81
monument,81
benefice,81
www,81
accidentee,81
perdu,81
tole,81
modification,81
commandement,81
precision,81
calendrier,81
graviter,80
sainte,80
permanence,80
oreille,80
concentration,80
decomposition,80
fantome,80
rager,80
fiction,79
cendrer,79
signature,79
ingenieur,79
conversation,79
sismologie,78
pan,78
noaa,78
temoignage,78
projection,78
baptisee,78
scenarios,78
calcul,78
reparations,78
accalmie,78
devastation,78
merci,78
kmh,77
elevation,77
havane,77
temple,77
tronc,77
mariage,77
marchandise,77
recommandation,77
goutter,77
tribut,77
reconnaitre,77
fatiguer,77
anomalie,76
clicher,76
cancer,76
bidonville,76
realisee,76
instrument,76
ravagees,76
edite,76
agiter,76
feries,76
metier,76
eruption,75
concourir,75
refus,75
recession,75
rater,75
colonie,75
obstacle,75
estimee,75
motif,75
deblocage,75
diviser,75
casino,74
paysan,74
humour,74
porteur,74
reservoirs,74
reassurance,74
frauder,74
studio,74
apparaitre,74
collaborateur,74
plaie,74
chat,73
evacuee,73
diplomatie,73
multiplication,73
forum,73
reparation,73
douleur,73
stabilite,73
giec,72
devastatrices,72
fumee,72
reactions,72
lecture,72
certitude,72
malheur,72
denoncer,72
enthousiasmer,72
lecon,72
relache,72
martele,72
chateau,71
federales,71
reassureur,71
flamme,71
batterie,71
contaminee,71
coalition,71
mecanisme,71
partisan,71
semi,71
observation,71
condoleances,71
fier,71
inspection,70
promotion,70
exode,70
bourgade,70
etendre,70
jonchees,70
cense,70
combinaison,70
exil,69
depressions,69
sauvage,69
proclamer,69
collision,69
entrepreneur,69
bouddhiste,69
avantager,69
trajet,69
alternatif,68
fabricant,68
minuit,68
revelations,68
ordinateur,68
navigation,68
telephonie,68
gorger,68
rocher,67
combustible,67
emportee,67
couronner,67
carton,67
celebres,67
indifference,67
realisateur,67
indicateur,67
etudiant,67
discipliner,67
chauffeur,67
refugie,67
genou,67
rouer,67
exigence,67
globalement,67
portraire,66
matignon,66
fournisseur,66
docteur,66
urbanisation,66
jambe,66
rasees,66
regulation,66
versement,66
desormais,66
confirmation,66
hall,66
longueur,66
limitee,66
chicago,65
toulouse,65
encontre,65
redaction,65
offensif,65
accompagnees,65
hexagone,65
nier,65
pole,64
tir,64
candidature,64
inflation,64
val,64
monnayer,64
brigade,64
bondir,64
lancees,64
bati,64
courier,64
reussite,64
popularite,64
occupant,64
dictature,64
submergee,64
remontee,64
couloir,64
allocution,64
signalee,63
effacer,63
fabrication,63
favori,63
fragilite,63
mini,63
briller,63
paiement,63
pommer,62
lieutenant,62
suppression,62
instance,62
denrees,62
corder,62
controverse,62
accumulation,62
firme,62
predecesseur,62
coller,62
championnat,61
fracturer,61
rizieres,61
protester,61
plaine,61
actionnaire,61
pavillon,61
cataclysme,61
disperser,61
culminer,61
minorite,61
libere,61
pese,61
presentation,60
management,60
repercussions,60
formee,60
amender,60
universel,60
diminution,60
madrid,59
benefices,59
renseignement,59
erosion,59
ration,59
eclate,59
conception,59
sejour,59
affrontement,59
loisir,59
abaisser,59
compassion,59
signalisation,59
profession,59
philadelphie,59
amas,59
bermudes,58
mail,58
religion,58
recuperation,58
hautement,58
cctv,58
autriche,58
demonstration,58
conviction,58
patience,58
section,58
electrogenes,58
evite,58
ressortissant,57
tournage,57
dent,57
contaminer,57
mondialisation,57
migrant,57
restriction,57
apprecie,57
dissiper,57
vitrine,57
seche,57
extension,57
transition,57
pari,57
confusion,57
entraider,57
exportateur,56
doser,56
utilisateur,56
famine,56
heritage,56
comptabiliser,56
occupation,56
cousin,56
jonction,56
min,55
conteneur,55
forage,55
megalopole,55
assis,55
animateur,55
bougie,55
ailleurs,55
mystere,55
expertiser,55
variation,55
adoption,55
speciaux,55
censee,55
saturer,55
eruptions,55
home,55
agression,55
matelas,55
alerte,54
fourniture,54
breton,54
campement,54
observees,54
civilisation,54
optimisme,54
mobilisee,54
sensation,54
declenchement,54
afflux,54
portion,54
publiees,54
evident,54
illusion,54
palmier,53
simulation,53
masculin,53
propagation,53
comedie,53
determination,53
detention,53
apparence,53
gloire,53
vainqueur,53
acier,53
successeur,53
agenda,53
delegation,53
consacree,53
allusion,53
persuader,53
collegue,53
depense,53
sumatra,52
nager,52
semestre,52
hongrie,52
periodes,52
nuancer,52
fret,52
chaussure,52
repression,52
sirenes,52
deleguee,52
decompte,52
griller,52
rapatrier,52
jury,52
meeting,52
rail,52
consensus,52
acceleration,52
preoccupation,52
atterissage,51
jugement,51
etablit,51
breche,51
hanoi,51
determine,51
qualification,51
isolement,51
etudie,51
protegee,51
exploitant,51
humeur,51
copier,50
canalisation,50
moto,50
canton,50
hatteras,50
gardien,50
selection,50
rayer,50
realisation,50
tuber,50
substance,50
inspecteur,50
eclair,50
decidee,50
uniforme,50
camper,50
espace,49
baptiste,49
crash,49
reglementation,49
pension,49
piquer,49
garcons,49
intensification,49
langage,49
participant,49
devastatrice,49
remboursement,49
menage,49
perspective,49
creole,49
consecutif,49
rappel,49
herbe,49
preoccupations,49
biodiversite,48
pourcentage,48
sage,48
latitude,48
rachat,48
modere,48
precipitation,48
mince,48
reelection,48
echeance,48
hebergees,48
larguer,48
defiance,48
methodes,48
notion,48
parader,48
composee,48
embrasser,48
envergure,48
materielle,48
egypte,47
greenpeace,47
mele,47
glacier,47
resilience,47
budgetaires,47
abus,47
ballon,47
declares,47
incapacite,47
marx,47
percuter,47
tissu,47
negociation,47
residences,47
blocage,47
facades,47
loiret,46
condamnation,46
chasseur,46
loup,46
reloger,46
experiences,46
senateurs,46
pessimiste,46
mythe,46
hectopascals,46
boulot,46
independants,46
balancer,46
haine,46
tort,46
pleur,46
miniere,46
sexe,46
jadis,45
jan,45
resolution,45
fievre,45
frustration,45
bloquee,45
demission,45
depots,45
exploration,45
copain,45
constatee,45
casquette,45
chic,45
people,45
presentee,45
retomber,45
preoccupe,45
promenade,45
urbanisme,45
session,45
consultation,45
importation,45
bete,45
gloria,44
subvention,44
buller,44
virage,44
cargaison,44
delegues,44
nomination,44
location,44
indication,44
cercueil,44
contrebas,44
furie,44
applaudir,44
divin,44
possession,44
partenariat,44
courber,44
revendication,44
familier,44
contradiction,44
nasdaq,43
consortium,43
tennis,43
hisser,43
istanbul,43
perturbee,43
hms,43
diagnostic,43
pecheur,43
prestation,43
composition,43
parfait,43
troncon,43
solidite,43
pensionnaire,43
impatience,43
decalage,43
filtrer,43
vendeur,43
dixieme,43
purification,43
confrontee,43
stabilisation,43
carcasse,43
densite,43
plongeur,42
vache,42
tournoi,42
shwe,42
carmen,42
chevet,42
investigation,42
sophie,42
navy,42
douceur,42
inaugurer,42
geologie,42
violation,42
entrees,42
maman,42
fureur,42
recrudescence,42
concession,42
citerne,42
localisation,42
etapes,42
dessin,41
entraineur,41
malgache,41
aggravation,41
promoteur,41
kg,41
confins,41
banquier,41
envoyees,41
decretee,41
partance,41
rebellion,41
revelation,41
descente,41
reveil,41
intelligence,40
magistrat,40
saone,40
fermier,40
chapitrer,40
franchise,40
conjoncture,40
ecosystemes,40
considerees,40
elevage,40
deracine,40
invitation,40
impasse,40
autrefois,40
commentateur,40
tristesse,40
rallier,40
vocation,40
interlocuteur,40
contestation,40
solidaire,40
virus,39
esperance,39
chanson,39
hangar,39
lover,39
ascenseur,39
dependance,39
compensation,39
autodefense,39
chanceliere,39
precisions,39
serveur,39
flambee,39
definition,39
surnom,39
viol,39
filet,39
radiation,39
extremite,39
obscurite,39
autonomie,39
periple,39
culte,39
emergence,39
concede,39
sms,39
envolees,39
chapeau,39
qualifiees,39
obsession,39
adjoint,39
curer,39
ecroulement,38
morgue,38
acquisition,38
complice,38
publicite,38
contingent,38
police,38
notation,38
surfeur,38
ferie,38
confrontation,38
montant,38
televise,38
celine,38
course,38
coco,38
pacte,38
traine,38
pancarte,38
silhouetter,38
helas,38
imagination,38
instabilite,38
implication,38
clamer,38
pelerins,37
bambou,37
avancees,37
saga,37
transfert,37
velo,37
ficher,37
verdict,37
identification,37
intervalle,37
marais,37
predire,37
munir,37
tee,37
capturer,37
specialisees,37
restauration,37
defaillances,37
decollage,37
revise,37
representation,37
soif,37
intemperie,37
elimination,37
implorer,37
legislation,36
huiler,36
ski,36
inscription,36
palin,36
autobus,36
geographie,36
systems,36
matche,36
chant,36
poete,36
infini,36
patte,36
vapeur,36
dechaine,36
oise,36
agglomerations,36
hierarchie,36
speculation,36
troncons,36
fourchette,36
ascension,36
drainer,36
joyeux,36
chemise,36
poule,36
cascader,36
eventualite,36
carnet,35
sympathie,35
negocier,35
bombarder,35
normandie,35
chao,35
canot,35
ordure,35
gouverneure,35
exclusion,35
romancier,35
emprunt,35
no,35
prealable,35
connexion,35
ventre,35
anglophone,35
hypotheses,35
fierte,35
naufrage,35
eprouve,35
gamin,35
confondu,35
confluence,35
flore,35
prisee,34
barber,34
marion,34
sociologue,34
pendjab,34
cuver,34
ecoutez,34
innovation,34
connecter,34
poudrer,34
sequences,34
eloignee,34
deversees,34
indignation,34
projecteur,34
deception,34
heberge,34
torturer,34
diable,34
teneur,34
jouet,34
insistance,34
secours,33
nassau,33
chretiens,33
franklin,33
invasion,33
tutelle,33
chauffer,33
navette,33
frontalier,33
competitivite,33
iwate,33
insuffisance,33
cubains,33
circonscription,33
boursiere,33
enrichir,33
suffrage,33
sauvees,33
retiree,33
accordee,33
paille,33
bfmtv,33
decidement,33
demontee,33
nepalaise,33
actu,33
secrete,33
emblee,33
traduction,33
cigarette,33
hote,33
suspens,33
guetter,33
froler,33
shizuoka,32
cia,32
decret,32
amplitude,32
rakhine,32
thein,32
animation,32
incompetence,32
dacca,32
mensonge,32
licenciement,32
pharmacie,32
chimie,32
existant,32
sacrifice,32
suspecter,32
tibetain,32
assemblage,32
differences,32
pronostic,32
elue,32
coulisser,32
tentation,32
demarches,32
liberale,32
satisfaction,32
rehabilitation,32
biscuit,32
authentiquer,32
eloignes,32
protegent,32
comprehension,32
excellent,32
bronzer,32
petits,32
dragon,31
rammasun,31
lion,31
cabine,31
subsistance,31
capitalisme,31
derives,31
injection,31
placement,31
israeliens,31
indiens,31
ecoutes,31
assaillir,31
rue,31
employeur,31
pasteur,31
insurger,31
emergents,31
posture,31
davis,31
metrage,31
muer,31
inertie,31
introduction,31
muet,31
infime,31
banquise,31
reception,31
charite,31
planification,31
fleau,31
decu,31
confreres,31
audition,31
balneaires,31
brisees,31
robinet,31
oscar,31
infection,31
limitation,31
virulence,31
anormalement,31
mention,31
artere,31
sonint,31
montreal,30
singer,30
papa,30
emirats,30
noire,30
negligence,30
berceau,30
traversees,30
discrimination,30
entrepots,30
ballet,30
palmares,30
rebond,30
vulcanologie,30
revision,30
spot,30
legion,30
oncle,30
solitude,30
col,30
resistants,30
voleur,30
entretenu,30
madame,30
hospitalisees,30
crane,30
chair,30
communal,30
septuagenaire,30
hagard,30
injustice,30
inouie,30
rentabilite,30
essouffler,30
