Assurances,27841.0
Attaque de Nice,4050.0
Attentat a Boston,8070.0
Attentats terroristes a P,74.0
Bien Bien,62053.0
Brexit,167.0
COP21,26418.0
Coupe du monde,4280.0
Culture,17145.0
cyclone,954580650698.0
Economie,44748.0
Elections americaines,18396.0
Elections europeennes 201,52.0
En moins de 3 minutes,29.0
Faits divers,14060.0
Fiscalite,2022.0
Histoire,4061.0
Infos Aix-en-Provence,1508.0
Infos Paris 14e arrondiss,6038.0
innondation,20124770597741.0
inondation,53001477518.0
Justice,135205.0
L Amerique selon Trump,163630.0
L enquete de l Obs,2302.0
L histoire du soir,26926.0
L Obs du soir,2148.0
La revolte syrienne,19189.0
Le 11 Septembre,8066.0
Le conflit en Ukraine,64.0
Le Good Morning,12300.0
Le reveil politique,2984.0
Le Top 5,4012.0
Les internets,807999.0
Logement,992500.0
Logement Social,435626.0
Malaysia Airlines,6481.0
Marche Immobilier,12373.0
Medias,33.0
Monde,632860158825.0
Municipales 2014,4176.0
Ne le dis a personne,4124.0
Nos vies connectees,54.0
Nos vies intimes,4154.0
ouragan,19871097534953.0
Photo,11372.0
Planete,56519772.0
Politique,107417.0
Presidentielle 2017,8302.0
Presidentielle US 2012,24266.0
Publicite,24.0
Reforme du code du travai,2262.0
Sante,18747.0
Sciences,80581.0
seisme,2050729766137204.0
Si vous avez manque le de,360407.0
Social,50424.0
Societe,2390560.0
Sports,125127.0
Tech,17092.0
tremblement de terre,269959.0
Tsunami  un an apres,133181.0
typhon,69945722897.0
Vie urbaine,6435.0
