grand,3623
premier,2972
fort,2910
toucher,2597
nouveau,2578
catastrophe,2489
aider,2437
frapper,2324
national,2314
semaine,2295
americain,2085
secourir,1969
millier,1952
passer,1943
petit,1922
jeudi,1882
responsable,1830
premiere,1822
aujourd,1797
capital,1717
haut,1576
international,1569
long,1563
important,1550
lieu,1531
vivre,1472
tropical,1429
francais,1384
public,1368
seul,1349
rouge,1279
lire,1274
montrer,1237
archipel,1230
abri,1214
blesser,1212
principal,1184
prochain,1179
assurer,1156
americaine,1148
lancer,1146
grouper,1120
bon,1112
civil,1109
politique,1107
situer,1096
maintenir,1093
proche,1081
sinistre,1075
fermer,1069
large,1062
difficile,1054
central,1050
moyen,1031
mondial,1019
militaire,1012
arbre,1007
tel,1006
ancien,992
violent,990
echelle,983
durer,982
officiel,969
pire,941
americains,935
priver,917
rafale,899
dernieres,898
general,895
comprendre,894
diriger,891
gros,883
train,880
bureau,876
ensemble,871
jeune,859
batiments,847
accompagner,843
source,840
baser,831
armee,827
approcher,821
majeur,820
humanitaire,818
chuter,816
graver,815
climatique,800
dernier,799
media,797
manquer,791
bateau,789
voiturer,789
plupart,782
humain,777
droit,769
secousse,768
noir,763
guere,762
prefecture,761
miser,759
social,753
emporter,732
atlantique,730
bas,723
floride,721
voisin,717
tour,715
feu,709
rencontrer,694
inonder,687
pompier,682
importer,681
limiter,680
affecter,677
dangereux,675
premieres,673
tempetes,662
commun,656
critiquer,650
parler,647
systeme,638
economique,634
construire,631
mobiliser,621
organiser,606
nouvelle,602
ressentir,597
gagner,595
societe,594
installer,593
meteorologiques,592
moyenner,589
meteorologique,570
historique,570
golfe,569
produit,563
probleme,554
pauvre,551
veiller,550
normal,548
aupres,546
beau,543
boue,541
acces,540
present,539
livrer,535
bien,530
sante,527
pointer,527
meilleur,524
minuter,523
provisoire,522
chinois,518
materiels,515
couper,514
logement,513
detruites,509
sauver,507
direct,505
marquer,501
trajectoire,500
intervenir,496
journal,495
communaute,495
seconder,495
seismes,494
devaste,492
soiree,492
secouriste,490
personnel,490
inondees,486
tuees,484
cesser,482
lourd,473
evoque,473
nucleaire,472
electriques,472
mouvement,469
periode,469
signaler,465
exceptionnel,462
americaines,460
engager,454
blanc,451
infrastructure,450
pere,450
evacues,450
propre,450
vrai,443
culture,442
diluvien,436
cyclonique,436
navire,435
helicopteres,433
ecole,430
voisiner,430
presente,430
meurtrier,429
effondrer,428
touristique,425
maritime,425
cadrer,422
objectif,421
vieux,419
message,418
potable,417
littoral,414
ciel,411
problemes,411
epoque,410
hopital,409
jeu,409
scientifique,406
maree,403
fuir,403
fleuve,402
candidat,399
indien,399
releve,399
age,398
cotieres,398
peri,395
decombres,393
coupees,391
domicile,390
meteorologie,389
entier,389
depart,388
vehicules,386
rejoindre,386
stade,382
voix,381
bloquer,381
intense,380
idee,380
repliques,374
alimentaire,372
calmer,372
presidentielle,372
planete,368
armer,368
insister,366
simple,366
telephone,365
reseaux,365
issu,362
detruits,361
apprendre,361
immediatement,360
poster,359
sismique,358
materiel,358
imposer,357
actuel,357
retrograde,356
financier,355
froid,355
oriental,353
agricole,353
rivieres,351
geophysique,350
eleves,347
salle,347
impossible,347
rapide,346
paniquer,345
industriel,345
mauvais,344
doubler,344
survivant,341
oublier,341
bouillir,341
gigantesque,340
generale,339
represente,338
etrangers,337
technique,336
sabler,331
departements,330
matiere,326
trentaine,325
redouter,325
supplementaires,322
allemand,321
usiner,320
federale,316
maximal,314
suffire,313
divers,311
necessaire,310
commercial,308
ressource,308
economiques,305
activites,305
vider,305
autorite,304
affaiblir,301
afficher,301
prets,299
vaste,298
endommagees,297
incendier,296
meteorologues,296
hopitaux,296
electrique,295
professionnel,295
trembler,294
etrangeres,293
rouvrir,293
maladie,292
italien,291
vulnerables,291
moindre,291
terminer,290
resultats,290
ca,290
plaquer,289
difficultes,289
deplore,288
peninsule,284
ouverture,281
extremes,280
numero,280
volontaire,280
episode,280
marin,278
abattu,274
aeriennes,274
deplace,274
possible,271
enormes,270
levee,270
appareil,269
masser,269
second,269
serieux,269
effondrement,266
annuel,266
informer,266
resultat,265
recueillir,265
veritable,262
dur,261
consacrer,261
republicain,260
gouvernemental,259
susceptible,259
capable,257
reduire,256
perturbation,255
martinique,253
accueil,253
devastateur,252
preuve,252
river,251
couverture,248
inquietude,248
crue,246
araches,245
necessaires,245
reserves,245
montagneux,243
declenche,242
remplir,242
europeen,242
hotels,241
elements,241
final,240
localiser,240
dominicain,239
mexicain,238
temperatures,238
libre,238
volonte,238
quarante,236
scenes,235
espacer,233
rapprocher,233
survivre,233
immediat,232
siege,231
prince,230
cher,230
global,230
sanitaire,229
rassembler,229
tacher,228
faillir,228
superieure,228
conserver,228
explosion,227
populaire,227
anti,227
surprendre,227
interet,226
traditionnel,226
meridionale,226
etendue,225
mobile,224
victoire,224
apparaître,224
tabler,224
pendre,224
ores,224
isoler,222
disponible,221
scolaire,221
municipal,220
considerables,220
compliquer,219
consigner,217
ressembler,217
basse,216
clair,216
parisien,214
certes,214
qu,214
complexer,214
pecheurs,213
coupler,213
contraire,213
medecins,210
etages,210
abandonner,209
societes,208
liees,207
jaune,207
alimenter,207
soudain,207
agent,206
federal,206
temperature,203
jusque,203
autre,203
fouler,202
revenu,202
nucleaires,200
irene,199
replique,199
liberte,199
miner,198
coucher,197
regional,197
probable,197
vehicule,197
analyste,196
quarantaine,196
fragile,196
degres,195
chien,195
presidente,195
musiquer,194
mode,194
creer,194
toiture,194
exclure,194
angler,193
nul,193
europeens,192
spectaculaire,192
systemes,191
stock,190
star,190
reculer,190
junte,189
desastres,189
tectonique,189
sombrer,189
recoltes,189
special,189
representants,187
tendre,187
retard,186
rural,186
enjeu,185
malade,184
proprietaire,183
chantier,182
specialistes,182
balneaire,181
absolu,181
suisse,180
aerien,180
collectif,179
presents,179
epouse,178
associer,178
canal,177
frontieres,176
surveiller,176
evoquant,176
manifester,175
favorable,174
net,173
investir,173
significatif,173
profond,173
memoire,172
repondu,172
casser,172
classique,172
dramatique,171
inscrire,171
bayer,171
inquiet,171
fiscal,170
logistique,170
secheresse,170
relancer,170
rayon,170
morceau,170
plat,169
prevues,169
moderne,169
inondable,168
difficulte,167
artiste,166
meurtrieres,166
geste,166
composer,165
monstre,165
similaire,165
crucial,165
remporter,164
sondage,164
soutenu,164
regles,163
depeche,162
chaines,162
fenetres,162
executif,161
inconnu,161
plancher,161
leve,160
regagner,160
partenaire,159
telephoniques,159
sport,158
horizon,158
tornade,157
garer,157
tenu,157
tentative,157
refugier,157
efficace,157
etablir,156
republicains,156
superieur,156
exploiter,155
couler,155
reclame,155
convaincre,154
temporaire,154
deplacees,153
quai,153
provincial,153
solide,153
panneau,153
cumul,152
supplementaire,152
neerlandaise,152
longue,152
heureux,151
sensible,151
regionale,151
abondant,151
chanteur,150
noye,150
ouvrier,149
violenter,149
couts,148
inspirer,148
poteau,146
inverser,146
catholique,145
progres,145
symbole,145
polemique,145
inclure,145
bloquees,145
indispensable,144
electorale,144
proprietaires,144
courant,144
religieux,144
entieres,144
visible,144
parlementaire,143
positif,143
cle,143
habituel,143
reel,142
soi,142
radioactif,141
comparable,141
resiste,141
amateur,141
envers,141
cibler,141
orageux,140
menacees,140
actif,140
fou,140
survoler,140
asseoir,140
nuage,139
petroliere,139
musulman,139
survecu,139
culturel,139
occasionner,139
fabriquer,139
primaire,138
lache,138
echanges,137
quelqu,137
soixante,137
version,137
portee,137
fruit,136
heros,136
asiatique,136
actualite,136
diametre,136
plastiquer,135
exhorter,135
armees,135
fameux,135
bonne,134
auquel,134
roman,133
geantes,133
environnemental,133
adversaire,133
physique,133
brutal,132
depenses,131
tombee,131
atmospherique,131
nu,131
beton,130
bouteille,130
voici,130
administratif,130
impressionnant,130
meurtrir,130
multiple,130
damer,129
creux,129
collectivites,129
vulnerable,129
renverser,128
coin,128
pakistanien,127
accessible,127
stopper,127
judiciaire,126
frequents,126
volcanique,126
speciale,125
modeles,125
attribuer,125
officier,124
internaute,124
immobilier,124
ombrer,123
specialise,123
eglises,123
legislatives,123
stable,123
embarquer,123
legers,123
baptiser,123
habituer,123
medecin,122
socialiste,122
annoncant,122
originaire,122
marquee,122
sportif,121
durable,121
rouler,121
appeles,121
inedite,121
extraordinaire,121
informatique,120
mediatique,120
panne,120
ecart,120
incertain,120
repete,120
geologique,119
inquietudes,119
deracines,119
incapable,119
charbon,118
recente,118
telephonique,118
glisser,118
menee,117
guider,117
communiste,117
independance,117
reagi,117
canadien,116
perspectif,116
insuffisant,116
episodes,116
presidentiel,116
tunnel,115
pocher,115
bar,115
energetique,115
pluvieux,115
impots,115
queensland,114
pareil,114
portuaire,112
ecologique,112
fosse,112
petrolieres,112
troubler,112
exact,112
eventuels,111
incroyable,111
maintien,110
resistance,110
precis,110
familial,109
devastateurs,109
trancher,109
fondateur,108
hypothese,108
coincer,108
initial,108
circuit,107
debute,107
delai,106
aretes,106
decouverte,106
ingenieurs,106
boueux,106
vente,105
effectif,105
atomique,105
blessure,105
sain,105
suffisant,105
recolte,104
chimique,104
collegues,104
diplomatique,104
persister,104
prefectures,103
portable,103
salaire,103
complete,103
medicale,103
seme,103
ambassade,102
tellurique,102
regle,102
generateurs,102
cauchemar,102
grec,101
tragique,101
vedette,101
epidemies,101
videos,101
relatif,101
procedures,101
acheve,101
technologique,100
gymnase,100
statistique,100
accumuler,100
taxer,99
noyees,99
piscine,99
micro,99
definitif,99
caver,99
excuser,99
priorites,99
miracle,99
reproduire,99
complet,99
suivant,99
inhabituel,99
triste,98
laboratoire,98
operationnel,98
controles,97
texan,97
boutique,97
ecrire,97
concitoyen,97
conscient,97
solaire,96
secondaire,96
genere,96
pencher,96
ambitieux,96
cheveu,95
especes,95
rebeller,95
documentaire,95
tendu,95
strategique,95
publiee,94
budgetaire,94
democratique,94
eventuelle,94
distinguer,94
ouvrager,93
exemplaire,93
fouiller,93
faillite,93
individuel,93
accelere,93
unites,92
choquer,92
bouleverser,92
mortel,92
radical,92
creee,91
sauter,91
universitaire,91
contester,91
personnalites,91
puits,90
iranien,90
paysbas,90
spatial,90
debordements,90
drapeau,90
symbolique,90
instaurer,90
ressortir,90
frequentes,90
precedentes,90
contacter,90
medical,89
manoeuvrer,89
inaccessible,89
strict,89
restaurant,89
couteux,89
digne,89
radioactivite,88
optimiste,88
signal,88
recit,88
debloque,88
incarner,88
installee,88
musee,87
neerlandais,87
brusquer,87
entiere,87
joie,87
urgent,87
compromettre,87
corail,86
turc,86
fillette,86
cables,86
enceindre,86
gratuit,86
contemporain,85
entraver,85
cycloniques,85
tweet,85
superviser,85
introduire,85
amoureux,84
fonte,84
milliardaire,84
humide,84
bebe,84
jeunesse,84
xxe,84
care,83
rond,83
parquet,83
eventuelles,83
primer,83
voyageur,83
megapole,83
utile,83
hate,83
terminee,83
avalanche,82
ultime,82
deverse,82
precaires,82
aile,82
continental,82
formidable,82
dynamique,82
poussiere,82
arabe,81
roser,81
musicien,81
recents,81
gratter,81
roche,81
riverain,81
nationale,81
laver,80
grue,80
assumer,80
college,80
plain,80
permanent,80
telephones,80
continu,80
revendiquer,80
absorber,80
technicien,79
sismologique,79
supermarches,79
flanc,79
intituler,79
fetes,79
oceanique,79
preparatifs,79
detruire,79
auxquels,79
dechets,78
sixieme,78
considerable,78
betail,78
competition,78
tetes,78
responsabilites,78
sien,78
etoile,77
bancaire,77
saoudite,77
retrouvee,77
regionales,77
superieures,77
courter,77
previsionnistes,77
sucrer,76
electronique,76
electoral,76
apocalyptique,76
standard,76
canicule,76
tas,76
vain,76
pain,76
legende,75
criminel,75
economiste,75
pente,75
dense,75
noyee,75
islamique,75
queens,75
semblable,75
amene,75
incessant,75
syrie,74
commissariat,74
observee,74
joli,74
hebdomadaire,74
clinique,74
cles,74
aliment,74
auxquelles,74
hostile,74
innombrable,74
album,73
ii,73
psychologique,73
developpes,73
autonome,73
eboulements,73
superficie,73
satisfaire,73
proceder,73
medicales,73
inutile,73
reveille,73
bain,72
matieres,72
vacancier,72
siecles,72
recensees,72
original,72
instar,72
repasser,72
banane,71
pair,71
recette,71
genie,71
presidents,71
septieme,71
brule,71
renouvelable,71
logique,71
idees,71
notable,71
terminal,71
remarquable,71
desesperes,71
magnifique,71
citee,71
coreenne,70
consecutive,70
geants,70
sexuel,70
musical,70
maitres,70
approuver,70
bonheur,70
fondamental,70
chroniquer,69
juridique,69
fideles,69
generaux,69
methode,69
hospitaliser,69
ecarte,69
geante,69
municipalites,69
domestiquer,69
positionner,69
congre,68
disputer,68
precipites,68
generosite,68
federaux,68
toles,68
enfermer,68
epaules,68
parallele,68
piler,68
propriete,68
intact,68
abandon,68
lit,67
theorie,67
interner,67
droguer,67
leger,67
ecrase,67
curieux,67
douloureux,67
separe,67
venue,67
olympique,66
athenes,66
artificiel,66
partiel,66
manifestant,66
commercants,66
compris,66
lointain,66
xixe,66
triompher,66
coupable,66
administrer,66
traumatiser,66
intimer,66
foulee,66
enquetes,65
insulaire,65
cardiaque,65
nepalais,65
strategiques,65
enfoncer,65
raviver,65
subit,64
plate,64
defile,64
cultiver,64
plumer,64
kit,64
rival,64
prepares,64
inferieur,64
vif,64
insecurite,63
etoiles,63
brique,63
rigueur,63
onusien,63
detroit,63
exces,63
lourde,63
maitrise,63
plier,63
conformer,63
revolte,62
espece,62
preventive,62
archiver,62
fossile,62
misere,62
conter,62
installees,62
specialises,62
colossal,62
polonais,61
cheval,61
inferieure,61
toxique,61
sommeil,61
credits,61
geologiques,61
atelier,61
thermique,61
instable,61
evalues,61
sacrer,61
realisees,61
tarif,60
conferences,60
colonial,60
cran,60
artistique,60
pretexte,60
demarche,60
extrait,60
preventives,60
constitutionnel,59
marathon,59
napper,59
locataire,59
amiral,59
emise,59
protocole,59
coefficient,59
defendu,59
cineaste,59
paralysie,59
racine,59
permanenter,59
embouteillage,59
prestigieux,59
robe,58
indigner,58
caritatif,58
jugee,58
respirer,58
electroniques,58
vigilant,58
court,58
croissant,58
cercler,58
casquer,58
poignee,58
lampe,58
electorales,58
precaire,58
prenom,57
destinees,57
meurtre,57
tranquille,57
retrouvees,57
interministeriel,57
moyenne,57
sieges,57
explosif,57
tohoku,57
septentrional,57
degrade,57
souverainete,57
kilo,57
ouvrage,57
pilier,57
horaire,57
propice,57
contradictoire,57
greve,56
taliban,56
decolle,56
menages,56
inhabitable,56
phare,56
afro,56
sonder,56
grele,56
materielles,56
evaluee,56
metal,56
ravir,56
attentif,56
inegalites,56
achever,56
souleve,56
reduites,56
lamenter,56
invoquer,56
stigmate,56
structurel,56
contraster,56
medecine,56
fusil,55
legumes,55
ecologistes,55
mat,55
furieux,55
egale,55
reussir,55
ramene,55
rejete,55
amorcer,55
vitrer,55
ike,54
save,54
vietnamien,54
pylones,54
clandestin,54
embaucher,54
souverain,54
escalier,54
assassinat,54
heberges,54
severes,54
feminin,53
hameau,53
survenue,53
historien,53
planetaire,53
xxie,53
sceptique,53
tapir,53
compliquee,53
relevee,53
cumuler,53
consideres,53
score,52
prefete,52
serieuse,52
artisan,52
deviser,52
immigrer,52
braver,52
ethnique,52
anonyme,52
deserte,52
allumer,52
abime,52
ecoliers,52
soupirer,52
prioritaire,52
enseignant,51
embouchure,51
rendement,51
californien,51
griser,51
racial,51
memoires,51
editorial,51
approvisionner,51
avere,51
couteuse,51
minorites,51
communautaire,51
inattendu,51
inacceptable,50
tcheque,50
suspect,50
fiable,50
interministerielle,50
cathedrale,50
reclamant,50
politicien,50
pelle,50
utilisee,50
dauphin,50
botter,50
integre,50
repute,50
etroite,50
distant,50
numerique,49
statuer,49
dean,49
pot,49
mensuel,49
hydrocarbure,49
imaginaire,49
montage,49
chapelet,49
kilometre,49
ecroules,49
reconnu,49
routieres,49
speciales,49
frequente,49
gestionnaire,49
alles,49
regionaux,49
intellectuel,49
intelligent,49
persistant,49
aise,49
coreens,48
precoce,48
raffinage,48
cocotier,48
gain,48
etres,48
ecroule,48
anormal,48
emmene,48
poulet,48
reves,48
liberal,48
fustiger,48
tourmenter,48
formees,48
drole,48
mccain,47
sequence,47
inquietante,47
golf,47
sanctuaire,47
profil,47
meteorologistes,47
garage,47
cotier,47
redoutable,47
estival,47
nuit,47
decrire,47
seconde,47
partagee,47
devastes,47
italiens,47
paralysee,47
legal,47
imputable,47
etendues,47
minimal,47
landes,46
argentin,46
austral,46
islamiste,46
numeros,46
belge,46
mythique,46
claire,46
createur,46
falaise,46
croisiere,46
offshore,46
separes,46
fluvial,46
recues,46
infernal,46
emblematique,46
criteres,46
insupportable,46
energetiques,46
legeres,46
privilegie,46
clos,46
coureur,45
improbable,45
elargir,45
hemisphere,45
pop,45
surnommee,45
soumis,45
marier,45
etonne,45
sherif,44
portugal,44
syrien,44
crocodile,44
composant,44
sovietique,44
habitee,44
miguel,44
natal,44
precises,44
affoler,44
nerveux,44
subsister,44
departs,44
depot,44
residente,44
mecanismes,44
preparees,44
polemiques,44
delicate,44
mecanique,44
interminable,44
accumulee,43
comedien,43
plaisanter,43
lunette,43
debarque,43
bailleur,43
encadrer,43
successif,43
interne,43
precieux,43
malais,43
prieres,43
intriguer,43
superbe,43
turquoise,43
reduits,43
moquer,43
empiler,43
bombardement,42
excessif,42
irlandais,42
mare,42
irakien,42
capteur,42
veritables,42
homicide,42
chaotique,42
bouleversement,42
blinder,42
recuperes,42
fregate,42
operationnels,42
noyade,42
specifiques,42
cadeau,42
automatique,42
confiner,42
pneumatique,42
confort,42
maigre,42
nocturne,42
organisees,42
intermediaire,42
requin,41
distributeur,41
chilien,41
visuel,41
preoccupante,41
demographique,41
redresser,41
invisible,41
stand,41
geographique,41
barque,41
previsible,41
apercoit,41
grenier,41
doucher,41
universites,41
synonyme,41
genereux,41
consecutives,41
battant,41
spectre,41
epargnes,41
murmurer,41
problematique,41
legale,41
ange,40
ministeres,40
decouverts,40
affluent,40
tweets,40
meridionales,40
fantastique,40
externe,40
huitieme,40
deficits,40
aeroportuaires,40
caribeenne,40
musees,40
revers,40
raisonnable,40
levres,40
mangrove,39
ilots,39
allouer,39
racisme,39
spirituel,39
lumieres,39
bouler,39
supermarche,39
meres,39
contenu,39
penetre,39
protegeant,39
populiste,39
caserne,39
marchand,39
poubelle,39
interpretation,39
pelouse,39
solennel,39
luxueux,39
trait,39
epreuves,38
paroisse,38
robot,38
himalayen,38
solitaire,38
exclusif,38
climatologues,38
voeu,38
amitie,38
pester,38
cruel,38
epuises,38
aire,38
fantomes,38
lame,38
ecologiques,38
proteges,38
adoptee,38
operationnelle,38
raciste,38
ethique,38
tardif,38
soucieux,38
architecturer,38
exclamer,38
youtube,37
hivernal,37
betes,37
arctique,37
virtuel,37
revivre,37
themes,37
plomb,37
basket,37
pourtour,37
conjuguer,37
aveu,37
nuageux,37
silencieux,37
ecologiste,37
idole,37
imprevisible,37
complexite,37
mental,37
centenaire,37
elite,37
vertical,37
departemental,37
cochon,37
baties,37
manteau,37
clou,37
telespectateurs,36
corallien,36
hydraulique,36
moustique,36
syndical,36
emeutes,36
serenite,36
pretre,36
trekking,36
climatologue,36
pause,36
bourgeois,36
pilleur,36
colleges,36
peintre,36
couteau,36
coton,36
dominant,36
legendaire,36
solder,36
legitime,36
palette,36
feroce,36
eclats,36
reflete,36
elire,36
fine,36
malheureux,36
passant,36
vouer,36
guise,36
specifique,36
rat,35
penny,35
galle,35
douane,35
renforcees,35
satellitaire,35
enqueteurs,35
postal,35
pantalon,35
tigre,35
valider,35
typique,35
pates,35
claquer,35
magique,35
civique,35
decroche,35
oeuf,35
look,35
fatal,35
couteuses,35
possibilites,35
massacrer,35
projetes,35
verbal,35
habituee,35
blaguer,35
nationaliste,35
attraper,35
baigner,35
emerge,35
implanter,35
serieuses,35
jonchee,35
tahiti,34
blues,34
cable,34
esclave,34
duel,34
aiguiller,34
timide,34
anticyclonique,34
paradoxe,34
parisiens,34
illegal,34
grain,34
enleve,34
moderes,34
maintenance,34
dotee,34
appetit,34
dave,34
celebrites,34
praticable,34
polluant,34
discret,34
square,34
epais,34
geopolitique,34
precedant,34
minuscule,34
departementales,34
azimut,34
motiver,34
tuyau,34
celuis,34
insulter,33
thailandaise,33
indemnites,33
veuf,33
voilier,33
negative,33
artisanal,33
intensif,33
ecrases,33
licencier,33
ecroulees,33
exporter,33
paradisiaque,33
rappeles,33
seau,33
millenaire,33
imperiale,33
ameliore,33
geologues,33
ponctuel,33
inevitable,33
chargees,33
alcool,33
agacer,33
reelles,33
chanceux,33
canard,32
palestinien,32
ideologie,32
seigneur,32
bresilien,32
chavirer,32
sevit,32
justesse,32
preventif,32
ecurie,32
israelien,32
xynthia,32
ruban,32
litteraire,32
infiltration,32
laissee,32
effroyable,32
tenue,32
confortable,32
metropolitaine,32
concrete,32
englober,32
fertile,32
metalliques,32
confrontees,32
nautique,32
ridicule,32
incontournable,32
clef,32
shirt,32
contraignant,32
miniature,32
faubourg,32
organe,32
mobilier,32
architectural,32
detourne,32
echoues,32
adaptee,31
lloyd,31
rugby,31
debloques,31
revolutionnaire,31
porc,31
cuivrer,31
boursier,31
flottant,31
rasee,31
ble,31
esthetique,31
egal,31
polaire,31
immobiliere,31
camionnette,31
glacial,31
industrialiser,31
repos,31
tactique,31
quelconque,31
nombreux,31
manquant,31
projectile,31
bout,31
regimes,31
teinter,31
inutilisable,31
fixee,31
theatres,31
monumental,31
lourdes,30
saoudien,30
alpiniste,30
ukrainien,30
preliminaire,30
paisible,30
definitive,30
tropique,30
gang,30
consecutifs,30
dysfonctionnement,30
publicitaire,30
deboires,30
grandeur,30
concretes,30
abandonnees,30
decus,30
depressionnaire,30
merveilleux,30
modalites,30
reels,30
courageux,30
appareiller,30
limitrophe,30
presumes,30
inedites,30
cataloguer,30
drastique,30
etonnante,30
romantique,30
reguliers,30
stagner,30
interesses,30
interieures,30
reussit,30
majoritaire,30
ecourte,30
natif,30
